{
    "name": "root",
    "gauges": {
        "MoveScript.Policy.Entropy.mean": {
            "value": 1.422976016998291,
            "min": 1.4175691604614258,
            "max": 1.422976016998291,
            "count": 9
        },
        "MoveScript.Policy.Entropy.sum": {
            "value": 7114.88037109375,
            "min": 7087.845703125,
            "max": 7114.88037109375,
            "count": 9
        },
        "MoveScript.Step.mean": {
            "value": 44960.0,
            "min": 4960.0,
            "max": 44960.0,
            "count": 9
        },
        "MoveScript.Step.sum": {
            "value": 44960.0,
            "min": 4960.0,
            "max": 44960.0,
            "count": 9
        },
        "MoveScript.Policy.ExtrinsicValueEstimate.mean": {
            "value": 0.045461256057024,
            "min": 0.045461256057024,
            "max": 0.15855056047439575,
            "count": 9
        },
        "MoveScript.Policy.ExtrinsicValueEstimate.sum": {
            "value": 3.6369004249572754,
            "min": 3.6369004249572754,
            "max": 12.68404483795166,
            "count": 9
        },
        "MoveScript.Environment.EpisodeLength.mean": {
            "value": 999.0,
            "min": 999.0,
            "max": 999.0,
            "count": 9
        },
        "MoveScript.Environment.EpisodeLength.sum": {
            "value": 4995.0,
            "min": 4995.0,
            "max": 4995.0,
            "count": 9
        },
        "MoveScript.Environment.CumulativeReward.mean": {
            "value": -1.0000000447034836,
            "min": -1.0000000447034836,
            "max": -1.0000000447034836,
            "count": 9
        },
        "MoveScript.Environment.CumulativeReward.sum": {
            "value": -5.000000223517418,
            "min": -5.000000223517418,
            "max": -4.000000178813934,
            "count": 9
        },
        "MoveScript.Policy.ExtrinsicReward.mean": {
            "value": -1.0000000447034836,
            "min": -1.0000000447034836,
            "max": -1.0000000447034836,
            "count": 9
        },
        "MoveScript.Policy.ExtrinsicReward.sum": {
            "value": -5.000000223517418,
            "min": -5.000000223517418,
            "max": -4.000000178813934,
            "count": 9
        },
        "MoveScript.IsTraining.mean": {
            "value": 1.0,
            "min": 1.0,
            "max": 1.0,
            "count": 9
        },
        "MoveScript.IsTraining.sum": {
            "value": 1.0,
            "min": 1.0,
            "max": 1.0,
            "count": 9
        },
        "MoveScript.Losses.PolicyLoss.mean": {
            "value": 0.018170559437324603,
            "min": 0.018170559437324603,
            "max": 0.026446582935750484,
            "count": 4
        },
        "MoveScript.Losses.PolicyLoss.sum": {
            "value": 0.018170559437324603,
            "min": 0.018170559437324603,
            "max": 0.026446582935750484,
            "count": 4
        },
        "MoveScript.Losses.ValueLoss.mean": {
            "value": 0.00019171474341419525,
            "min": 0.00019171474341419525,
            "max": 0.001623119400270904,
            "count": 4
        },
        "MoveScript.Losses.ValueLoss.sum": {
            "value": 0.00019171474341419525,
            "min": 0.00019171474341419525,
            "max": 0.001623119400270904,
            "count": 4
        },
        "MoveScript.Policy.LearningRate.mean": {
            "value": 0.0002876808041063999,
            "min": 0.0002876808041063999,
            "max": 0.00029692320102559996,
            "count": 4
        },
        "MoveScript.Policy.LearningRate.sum": {
            "value": 0.0002876808041063999,
            "min": 0.0002876808041063999,
            "max": 0.00029692320102559996,
            "count": 4
        },
        "MoveScript.Policy.Epsilon.mean": {
            "value": 0.19589359999999995,
            "min": 0.19589359999999995,
            "max": 0.1989744,
            "count": 4
        },
        "MoveScript.Policy.Epsilon.sum": {
            "value": 0.19589359999999995,
            "min": 0.19589359999999995,
            "max": 0.1989744,
            "count": 4
        },
        "MoveScript.Policy.Beta.mean": {
            "value": 0.00479509064,
            "min": 0.00479509064,
            "max": 0.004948822560000001,
            "count": 4
        },
        "MoveScript.Policy.Beta.sum": {
            "value": 0.00479509064,
            "min": 0.00479509064,
            "max": 0.004948822560000001,
            "count": 4
        }
    },
    "metadata": {
        "timer_format_version": "0.1.0",
        "start_time_seconds": "1768122092",
        "python_version": "3.10.12 | packaged by Anaconda, Inc. | (main, Jul  5 2023, 19:01:18) [MSC v.1916 64 bit (AMD64)]",
        "command_line_arguments": "C:\\Users\\sarve\\anaconda3\\envs\\unity_agents\\Scripts\\mlagents-learn config/MoveScript.yaml --run-id=DungeonRun_4",
        "mlagents_version": "1.1.0",
        "mlagents_envs_version": "1.1.0",
        "communication_protocol_version": "1.5.0",
        "pytorch_version": "2.2.2+cu121",
        "numpy_version": "1.23.5",
        "end_time_seconds": "1768122809"
    },
    "total": 717.5475984000077,
    "count": 1,
    "self": 0.006970100017497316,
    "children": {
        "run_training.setup": {
            "total": 0.09986809999099933,
            "count": 1,
            "self": 0.09986809999099933
        },
        "TrainerController.start_learning": {
            "total": 717.4407601999992,
            "count": 1,
            "self": 0.9864820016809972,
            "children": {
                "TrainerController._reset_env": {
                    "total": 22.48819519999961,
                    "count": 1,
                    "self": 22.48819519999961
                },
                "TrainerController.advance": {
                    "total": 693.7029602983093,
                    "count": 46517,
                    "self": 0.893779900536174,
                    "children": {
                        "env_step": {
                            "total": 678.2239203986392,
                            "count": 46517,
                            "self": 445.7930297966086,
                            "children": {
                                "SubprocessEnvManager._take_step": {
                                    "total": 231.79000430120504,
                                    "count": 46517,
                                    "self": 3.351749798981473,
                                    "children": {
                                        "TorchPolicy.evaluate": {
                                            "total": 228.43825450222357,
                                            "count": 46517,
                                            "self": 228.43825450222357
                                        }
                                    }
                                },
                                "workers": {
                                    "total": 0.6408863008255139,
                                    "count": 46516,
                                    "self": 0.0,
                                    "children": {
                                        "worker_root": {
                                            "total": 629.604945100873,
                                            "count": 46516,
                                            "is_parallel": true,
                                            "self": 296.7516109004064,
                                            "children": {
                                                "steps_from_proto": {
                                                    "total": 0.002439200005028397,
                                                    "count": 1,
                                                    "is_parallel": true,