{
    "name": "root",
    "gauges": {
        "MoveScript.Policy.Entropy.mean": {
            "value": 1.4064301252365112,
            "min": 1.4064301252365112,
            "max": 1.4189385175704956,
            "count": 35
        },
        "MoveScript.Policy.Entropy.sum": {
            "value": 7032.150390625,
            "min": 7032.150390625,
            "max": 7094.6923828125,
            "count": 35
        },
        "MoveScript.Step.mean": {
            "value": 174960.0,
            "min": 4960.0,
            "max": 174960.0,
            "count": 35
        },
        "MoveScript.Step.sum": {
            "value": 174960.0,
            "min": 4960.0,
            "max": 174960.0,
            "count": 35
        },
        "MoveScript.Policy.ExtrinsicValueEstimate.mean": {
            "value": 0.24412326514720917,
            "min": -0.037858087569475174,
            "max": 0.24412326514720917,
            "count": 35
        },
        "MoveScript.Policy.ExtrinsicValueEstimate.sum": {
            "value": 19.529861450195312,
            "min": -3.028646945953369,
            "max": 19.529861450195312,
            "count": 35
        },
        "MoveScript.Environment.EpisodeLength.mean": {
            "value": 999.0,
            "min": 999.0,
            "max": 999.0,
            "count": 35
        },
        "MoveScript.Environment.EpisodeLength.sum": {
            "value": 4995.0,
            "min": 4995.0,
            "max": 4995.0,
            "count": 35
        },
        "MoveScript.Environment.CumulativeReward.mean": {
            "value": 5.888000795245171,
            "min": -1.3400000505149365,
            "max": 6.1160006642341616,
            "count": 35
        },
        "MoveScript.Environment.CumulativeReward.sum": {
            "value": 29.440003976225853,
            "min": -6.700000252574682,
            "max": 30.580003321170807,
            "count": 35
        },
        "MoveScript.Policy.ExtrinsicReward.mean": {
            "value": 5.888000795245171,
            "min": -1.3400000505149365,
            "max": 6.1160006642341616,
            "count": 35
        },
        "MoveScript.Policy.ExtrinsicReward.sum": {
            "value": 29.440003976225853,
            "min": -6.700000252574682,
            "max": 30.580003321170807,
            "count": 35
        },
        "MoveScript.IsTraining.mean": {
            "value": 1.0,
            "min": 1.0,
            "max": 1.0,
            "count": 35
        },
        "MoveScript.IsTraining.sum": {
            "value": 1.0,
            "min": 1.0,
            "max": 1.0,
            "count": 35
        },
        "MoveScript.Losses.PolicyLoss.mean": {
            "value": 0.02592288584758838,
            "min": 0.018955602046723165,
            "max": 0.02975326826175054,
            "count": 17
        },
        "MoveScript.Losses.PolicyLoss.sum": {
            "value": 0.02592288584758838,
            "min": 0.018955602046723165,
            "max": 0.02975326826175054,
            "count": 17
        },
        "MoveScript.Losses.ValueLoss.mean": {
            "value": 0.02329295439024766,
            "min": 0.00012454747484298424,
            "max": 0.02329295439024766,
            "count": 17
        },
        "MoveScript.Losses.ValueLoss.sum": {
            "value": 0.02329295439024766,
            "min": 0.00012454747484298424,
            "max": 0.02329295439024766,
            "count": 17
        },
        "MoveScript.Policy.LearningRate.mean": {
            "value": 0.00024764641745120004,
            "min": 0.00024764641745120004,
            "max": 0.00029692320102559996,
            "count": 17
        },
        "MoveScript.Policy.LearningRate.sum": {
            "value": 0.00024764641745120004,
            "min": 0.00024764641745120004,
            "max": 0.00029692320102559996,
            "count": 17
        },
        "MoveScript.Policy.Epsilon.mean": {
            "value": 0.18254880000000007,
            "min": 0.18254880000000007,
            "max": 0.1989744,
            "count": 17
        },
        "MoveScript.Policy.Epsilon.sum": {
            "value": 0.18254880000000007,
            "min": 0.18254880000000007,
            "max": 0.1989744,
            "count": 17
        },
        "MoveScript.Policy.Beta.mean": {
            "value": 0.004129185120000001,
            "min": 0.004129185120000001,
            "max": 0.004948822560000001,
            "count": 17
        },
        "MoveScript.Policy.Beta.sum": {
            "value": 0.004129185120000001,
            "min": 0.004129185120000001,
            "max": 0.004948822560000001,
            "count": 17
        }
    },
    "metadata": {
        "timer_format_version": "0.1.0",
        "start_time_seconds": "1768126281",
        "python_version": "3.10.12 | packaged by Anaconda, Inc. | (main, Jul  5 2023, 19:01:18) [MSC v.1916 64 bit (AMD64)]",
        "command_line_arguments": "C:\\Users\\sarve\\anaconda3\\envs\\unity_agents\\Scripts\\mlagents-learn config/MoveScript.yaml --run-id=DungeonRun_6",
        "mlagents_version": "1.1.0",
        "mlagents_envs_version": "1.1.0",
        "communication_protocol_version": "1.5.0",
        "pytorch_version": "2.2.2+cu121",
        "numpy_version": "1.23.5",
        "end_time_seconds": "1768128197"
    },
    "total": 1915.2549328999999,
    "count": 1,
    "self": 0.006765199999790639,
    "children": {
        "run_training.setup": {
            "total": 0.08980010000004768,
            "count": 1,
            "self": 0.08980010000004768
        },
        "TrainerController.start_learning": {
            "total": 1915.1583676,
            "count": 1,
            "self": 3.232442400005766,
            "children": {
                "TrainerController._reset_env": {
                    "total": 11.141687299999944,
                    "count": 1,
                    "self": 11.141687299999944
                },
                "TrainerController.advance": {
                    "total": 1900.5383479999941,
                    "count": 179764,
                    "self": 2.909549100020513,
                    "children": {
                        "env_step": {
                            "total": 1843.0129829000145,
                            "count": 179764,
                            "self": 974.9396470999035,
                            "children": {
                                "SubprocessEnvManager._take_step": {
                                    "total": 865.9055955999897,
                                    "count": 179764,
                                    "self": 13.708441600094375,
                                    "children": {
                                        "TorchPolicy.evaluate": {
                                            "total": 852.1971539998954,
                                            "count": 179764,
                                            "self": 852.1971539998954
                                        }
                                    }
                                },
                                "workers": {
                                    "total": 2.1677402001213295,
                                    "count": 179763,
                                    "self": 0.0,
                                    "children": {
                                        "worker_root": {
                                            "total": 1845.1439208000456,
                                            "count": 179763,
                                            "is_parallel": true,
                                            "self": 1098.0147138001016,
                                            "children": {
                                                "steps_from_proto": {
                                                    "total": 0.0003995000000713844,
                                                    "count": 1,