{
    "name": "root",
    "gauges": {
        "MoveScript.Policy.Entropy.mean": {
            "value": 1.420351505279541,
            "min": 1.4174166917800903,
            "max": 1.420351505279541,
            "count": 7
        },
        "MoveScript.Policy.Entropy.sum": {
            "value": 7090.39453125,
            "min": 7030.38671875,
            "max": 7174.1533203125,
            "count": 7
        },
        "MoveScript.Step.mean": {
            "value": 34976.0,
            "min": 4992.0,
            "max": 34976.0,
            "count": 7
        },
        "MoveScript.Step.sum": {
            "value": 34976.0,
            "min": 4992.0,
            "max": 34976.0,
            "count": 7
        },
        "MoveScript.Policy.ExtrinsicValueEstimate.mean": {
            "value": 0.0039620487950742245,
            "min": 0.0039620487950742245,
            "max": 0.07243908941745758,
            "count": 7
        },
        "MoveScript.Policy.ExtrinsicValueEstimate.sum": {
            "value": 0.3209259510040283,
            "min": 0.3209259510040283,
            "max": 5.867566108703613,
            "count": 7
        },
        "MoveScript.Environment.EpisodeLength.mean": {
            "value": 799.0,
            "min": 799.0,
            "max": 799.0,
            "count": 7
        },
        "MoveScript.Environment.EpisodeLength.sum": {
            "value": 4794.0,
            "min": 4794.0,
            "max": 5593.0,
            "count": 7
        },
        "MoveScript.Environment.CumulativeReward.mean": {
            "value": -1.0000000707805157,
            "min": -1.0000000707805157,
            "max": -1.0000000707805157,
            "count": 7
        },
        "MoveScript.Environment.CumulativeReward.sum": {
            "value": -6.000000424683094,
            "min": -7.00000049546361,
            "max": -6.000000424683094,
            "count": 7
        },
        "MoveScript.Policy.ExtrinsicReward.mean": {
            "value": -1.0000000707805157,
            "min": -1.0000000707805157,
            "max": -1.0000000707805157,
            "count": 7
        },
        "MoveScript.Policy.ExtrinsicReward.sum": {
            "value": -6.000000424683094,
            "min": -7.00000049546361,
            "max": -6.000000424683094,
            "count": 7
        },
        "MoveScript.IsTraining.mean": {
            "value": 1.0,
            "min": 1.0,
            "max": 1.0,
            "count": 7
        },
        "MoveScript.IsTraining.sum": {
            "value": 1.0,
            "min": 1.0,
            "max": 1.0,
            "count": 7
        },
        "MoveScript.Losses.PolicyLoss.mean": {
            "value": 0.021044733468443155,
            "min": 0.01777695914109548,
            "max": 0.02365568319025139,
            "count": 3
        },
        "MoveScript.Losses.PolicyLoss.sum": {
            "value": 0.021044733468443155,
            "min": 0.01777695914109548,
            "max": 0.02365568319025139,
            "count": 3
        },
        "MoveScript.Losses.ValueLoss.mean": {
            "value": 0.0003517707533319481,
            "min": 0.0003517707533319481,
            "max": 0.0024156251378978292,
            "count": 3
        },
        "MoveScript.Losses.ValueLoss.sum": {
            "value": 0.0003517707533319481,
            "min": 0.0003517707533319481,
            "max": 0.0024156251378978292,
            "count": 3
        },
        "MoveScript.Policy.LearningRate.mean": {
            "value": 0.00029074560308479995,
            "min": 0.00029074560308479995,
            "max": 0.0002969088010304,
            "count": 3
        },
        "MoveScript.Policy.LearningRate.sum": {
            "value": 0.00029074560308479995,
            "min": 0.00029074560308479995,
            "max": 0.0002969088010304,
            "count": 3
        },
        "MoveScript.Policy.Epsilon.mean": {
            "value": 0.19691520000000004,
            "min": 0.19691520000000004,
            "max": 0.19896959999999997,
            "count": 3
        },
        "MoveScript.Policy.Epsilon.sum": {
            "value": 0.19691520000000004,
            "min": 0.19691520000000004,
            "max": 0.19896959999999997,
            "count": 3
        },
        "MoveScript.Policy.Beta.mean": {
            "value": 0.004846068479999998,
            "min": 0.004846068479999998,
            "max": 0.004948583040000001,
            "count": 3
        },
        "MoveScript.Policy.Beta.sum": {
            "value": 0.004846068479999998,
            "min": 0.004846068479999998,
            "max": 0.004948583040000001,
            "count": 3
        }
    },
    "metadata": {
        "timer_format_version": "0.1.0",
        "start_time_seconds": "1768062169",
        "python_version": "3.10.12 | packaged by Anaconda, Inc. | (main, Jul  5 2023, 19:01:18) [MSC v.1916 64 bit (AMD64)]",
        "command_line_arguments": "C:\\Users\\sarve\\anaconda3\\envs\\unity_agents\\Scripts\\mlagents-learn config/MoveScript.yaml --run-id=DungeonRun_04",
        "mlagents_version": "1.1.0",
        "mlagents_envs_version": "1.1.0",
        "communication_protocol_version": "1.5.0",
        "pytorch_version": "2.2.2+cu121",
        "numpy_version": "1.23.5",
        "end_time_seconds": "1768062733"
    },
    "total": 564.0102496,
    "count": 1,
    "self": 0.008583000002545305,
    "children": {
        "run_training.setup": {
            "total": 0.09206179999819142,
            "count": 1,
            "self": 0.09206179999819142
        },
        "TrainerController.start_learning": {
            "total": 563.9096047999992,
            "count": 1,
            "self": 0.6424675000635034,
            "children": {
                "TrainerController._reset_env": {
                    "total": 46.82166419999703,
                    "count": 1,
                    "self": 46.82166419999703
                },
                "TrainerController.advance": {
                    "total": 516.1652468999382,
                    "count": 35691,
                    "self": 0.5421594999133958,
                    "children": {
                        "env_step": {
                            "total": 504.95254280041627,
                            "count": 35691,
                            "self": 316.1157752004401,
                            "children": {
                                "SubprocessEnvManager._take_step": {
                                    "total": 188.4317310002043,
                                    "count": 35691,
                                    "self": 2.1753853000227537,
                                    "children": {
                                        "TorchPolicy.evaluate": {
                                            "total": 186.25634570018156,
                                            "count": 35691,
                                            "self": 186.25634570018156
                                        }
                                    }
                                },
                                "workers": {
                                    "total": 0.40503659977184725,
                                    "count": 35690,
                                    "self": 0.0,
                                    "children": {
                                        "worker_root": {
                                            "total": 394.0070289999021,
                                            "count": 35690,
                                            "is_parallel": true,
                                            "self": 232.8206444000789,
                                            "children": {
                                                "steps_from_proto": {
                                                    "total": 0.0028558000012708362,
                                                    "count": 1,
                                                    "is_parallel": true,