{"count":1,"self":37.586864,"total":343.2430449,"children":{"InitializeActuators":{"count":54,"self":0.0015057999999999998,"total":0.0015057999999999998,"children":null},"InitializeSensors":{"count":54,"self":0.0025131999999999997,"total":0.0025131999999999997,"children":null},"AgentSendState":{"count":46384,"self":42.1699136,"total":50.562552399999994,"children":{"CollectObservations":{"count":500958,"self":0.4124135,"total":0.4124135,"children":null},"WriteActionMask":{"count":500958,"self":0.10933129999999999,"total":0.10933129999999999,"children":null},"RequestDecision":{"count":500958,"self":0.5303279,"total":7.8708937999999993,"children":{"AgentInfo.ToProto":{"count":500958,"self":0.41041,"total":7.3405659,"children":{"GenerateSensorData":{"count":500958,"self":4.3894088,"total":6.9301559,"children":{"RayPerceptionSensor.Perceive":{"count":500958,"self":2.5407471999999998,"total":2.5407473,"children":null}}}}}}}}},"DecideAction":{"count":46384,"self":251.50348799999998,"total":251.5034997,"children":null},"AgentAct":{"count":46384,"self":3.3597159999999997,"total":3.3728509,"children":{"AgentInfo.ToProto":{"count":884,"self":0.0015041,"total":0.0131349,"children":{"GenerateSensorData":{"count":884,"self":0.0065299,"total":0.0116308,"children":{"RayPerceptionSensor.Perceive":{"count":884,"self":0.0051008999999999994,"total":0.0051008999999999994,"children":null}}}}}}},"AgentInfo.ToProto":{"count":7235,"self":0.0369462,"total":0.2132596,"children":{"GenerateSensorData":{"count":7235,"self":0.13096349999999998,"total":0.17631339999999998,"children":{"RayPerceptionSensor.Perceive":{"count":7235,"self":0.0453499,"total":0.0453499,"children":null}}}}}},"gauges":{"MoveScript.CumulativeReward":{"count":8119,"max":9.935,"min":-1.21999943,"runningAverage":8.59277,"value":9.795,"weightedAverage":9.818826}},"metadata":{"timer_format_version":"0.1.0","start_time_seconds":"1767812584","unity_version":"6000.3.2f1","command_line_arguments":"C:\\Program Files\\Unity\\Hub\\Editor\\6000.3.2f1\\Editor\\Unity.exe -projectpath C:\\Users\\sarve\\Documents\\GitHub\\MLagents -acceptSoftwareTermsForThisRunOnly -useHub -hubIPC -cloudEnvironment production -licensingIpc LicenseClient-sarve -hubSessionId 58b0165e-c3a2-4bb1-ac97-f81ca955a4ff -accessToken FNg5xQTTU1uKUGvi-sA-XhkuoIJb_PlYZu1CEgDhhZ000cf","communication_protocol_version":"1.5.0","com.unity.ml-agents_version":"2.0.2","scene_name":"SampleScene","end_time_seconds":"1767812927"}}