{
    "name": "root",
    "metadata": {
        "timer_format_version": "0.1.0",
        "start_time_seconds": "1767722894",
        "python_version": "3.10.12 | packaged by Anaconda, Inc. | (main, Jul  5 2023, 19:01:18) [MSC v.1916 64 bit (AMD64)]",
        "command_line_arguments": "C:\\Users\\sarve\\anaconda3\\envs\\unity_agents\\Scripts\\mlagents-learn --run-id=Test10",
        "mlagents_version": "1.1.0",
        "mlagents_envs_version": "1.1.0",
        "communication_protocol_version": "1.5.0",
        "pytorch_version": "2.2.2+cu121",
        "numpy_version": "1.23.5",
        "end_time_seconds": "1767723169"
    },
    "total": 274.80773390000104,
    "count": 1,
    "self": 0.012544299999717623,
    "children": {
        "run_training.setup": {
            "total": 0.03538890000345418,
            "count": 1,
            "self": 0.03538890000345418
        },
        "TrainerController.start_learning": {
            "total": 274.75980069999787,
            "count": 1,
            "self": 0.24440290046914015,
            "children": {
                "TrainerController._reset_env": {
                    "total": 22.186787099999492,
                    "count": 1,
                    "self": 22.186787099999492
                },
                "TrainerController.advance": {
                    "total": 251.8487571995356,
                    "count": 12905,
                    "self": 0.21796709886257304,
                    "children": {
                        "env_step": {
                            "total": 247.4163701005309,
                            "count": 12905,
                            "self": 183.5650236004367,
                            "children": {
                                "SubprocessEnvManager._take_step": {
                                    "total": 63.70063029995072,
                                    "count": 12905,
                                    "self": 0.8989942996413447,
                                    "children": {
                                        "TorchPolicy.evaluate": {
                                            "total": 62.80163600030937,
                                            "count": 12801,
                                            "self": 62.80163600030937
                                        }
                                    }
                                },
                                "workers": {
                                    "total": 0.15071620014350628,
                                    "count": 12904,
                                    "self": 0.0,
                                    "children": {
                                        "worker_root": {
                                            "total": 167.85608459969808,
                                            "count": 12904,
                                            "is_parallel": true,
                                            "self": 81.93492599950696,
                                            "children": {
                                                "steps_from_proto": {
                                                    "total": 0.00363140000263229,
                                                    "count": 1,
                                                    "is_parallel": true,
                                                    "self": 0.00013020000187680125,
                                                    "children": {
                                                        "_process_rank_one_or_two_observation": {
                                                            "total": 0.003501200000755489,
                                                            "count": 4,
                                                            "is_parallel": true,
                                                            "self": 0.003501200000755489
                                                        }
                                                    }
                                                },
                                                "UnityEnvironment.step": {
                                                    "total": 85.91752720018849,
                                                    "count": 12904,
                                                    "is_parallel": true,
                                                    "self": 0.9003548001928721,
                                                    "children": {
                                                        "UnityEnvironment._generate_step_input": {
                                                            "total": 0.9993606991920387,
                                                            "count": 12904,
                                                            "is_parallel": true,
                                                            "self": 0.9993606991920387
                                                        },
                                                        "communicator.exchange": {
                                                            "total": 81.79499400037457,
                                                            "count": 12904,
                                                            "is_parallel": true,
                                                            "self": 81.79499400037457
                                                        },
                                                        "steps_from_proto": {
                                                            "total": 2.2228177004290046,
                                                            "count": 12902,
                                                            "is_parallel": true,
                                                            "self": 0.7963636999265873,
                                                            "children": {
                                                                "_process_rank_one_or_two_observation": {
                                                                    "total": 1.4264540005024173,
                                                                    "count": 51608,
                                                                    "is_parallel": true,
                                                                    "self": 1.4264540005024173
                                                                }
                                                            }
                                                        }
                                                    }
                                                }
                                            }
                                        }
                                    }
                                }
                            }
                        },
                        "trainer_advance": {
                            "total": 4.214420000142127,
                            "count": 12904,
                            "self": 0.2974949002309586,
                            "children": {
                                "process_trajectory": {
                                    "total": 1.974814599911042,
                                    "count": 12904,
                                    "self": 1.974814599911042
                                },
                                "_update_policy": {
                                    "total": 1.9421105000001262,
                                    "count": 1,
                                    "self": 1.1556608000028064,
                                    "children": {
                                        "TorchPPOOptimizer.update": {
                                            "total": 0.7864496999973198,
                                            "count": 30,