{
    "name": "root",
    "metadata": {
        "timer_format_version": "0.1.0",
        "start_time_seconds": "1767721616",
        "python_version": "3.10.12 | packaged by Anaconda, Inc. | (main, Jul  5 2023, 19:01:18) [MSC v.1916 64 bit (AMD64)]",
        "command_line_arguments": "C:\\Users\\sarve\\anaconda3\\envs\\unity_agents\\Scripts\\mlagents-learn --run-id=Test5",
        "mlagents_version": "1.1.0",
        "mlagents_envs_version": "1.1.0",
        "communication_protocol_version": "1.5.0",
        "pytorch_version": "2.2.2+cu121",
        "numpy_version": "1.23.5",
        "end_time_seconds": "1767721753"
    },
    "total": 137.07782120000047,
    "count": 1,
    "self": 0.010758500000520144,
    "children": {
        "run_training.setup": {
            "total": 0.051388300002145115,
            "count": 1,
            "self": 0.051388300002145115
        },
        "TrainerController.start_learning": {
            "total": 137.0156743999978,
            "count": 1,
            "self": 0.10578589985379949,
            "children": {
                "TrainerController._reset_env": {
                    "total": 18.979107999999542,
                    "count": 1,
                    "self": 18.979107999999542
                },
                "TrainerController.advance": {
                    "total": 117.6355680001434,
                    "count": 5929,
                    "self": 0.09021330011455575,
                    "children": {
                        "env_step": {
                            "total": 116.18364679996012,
                            "count": 5929,
                            "self": 89.16780190027202,
                            "children": {
                                "SubprocessEnvManager._take_step": {
                                    "total": 26.950272299858625,
                                    "count": 5929,
                                    "self": 0.39427339963731356,
                                    "children": {
                                        "TorchPolicy.evaluate": {
                                            "total": 26.55599890022131,
                                            "count": 5734,
                                            "self": 26.55599890022131
                                        }
                                    }
                                },
                                "workers": {
                                    "total": 0.06557259982946562,
                                    "count": 5928,
                                    "self": 0.0,
                                    "children": {
                                        "worker_root": {
                                            "total": 56.447524099829025,
                                            "count": 5928,
                                            "is_parallel": true,
                                            "self": 35.31978309967235,
                                            "children": {
                                                "steps_from_proto": {
                                                    "total": 0.0017657999997027218,
                                                    "count": 1,
                                                    "is_parallel": true,
                                                    "self": 0.00018170000112149864,
                                                    "children": {
                                                        "_process_rank_one_or_two_observation": {
                                                            "total": 0.0015840999985812232,
                                                            "count": 2,
                                                            "is_parallel": true,
                                                            "self": 0.0015840999985812232
                                                        }
                                                    }
                                                },
                                                "UnityEnvironment.step": {
                                                    "total": 21.125975200156972,
                                                    "count": 5928,
                                                    "is_parallel": true,
                                                    "self": 0.38352639997174265,
                                                    "children": {
                                                        "UnityEnvironment._generate_step_input": {
                                                            "total": 0.43886899967037607,
                                                            "count": 5928,
                                                            "is_parallel": true,
                                                            "self": 0.43886899967037607
                                                        },
                                                        "communicator.exchange": {
                                                            "total": 19.470339400148077,
                                                            "count": 5928,
                                                            "is_parallel": true,
                                                            "self": 19.470339400148077
                                                        },
                                                        "steps_from_proto": {
                                                            "total": 0.8332404003667762,
                                                            "count": 5928,
                                                            "is_parallel": true,
                                                            "self": 0.34325370049191406,
                                                            "children": {
                                                                "_process_rank_one_or_two_observation": {
                                                                    "total": 0.4899866998748621,
                                                                    "count": 11856,
                                                                    "is_parallel": true,
                                                                    "self": 0.4899866998748621
                                                                }
                                                            }
                                                        }
                                                    }
                                                }
                                            }
                                        }
                                    }
                                }
                            }
                        },
                        "trainer_advance": {
                            "total": 1.3617079000687227,
                            "count": 5928,
                            "self": 0.1350934004804003,
                            "children": {
                                "process_trajectory": {
                                    "total": 1.2266144995883224,
                                    "count": 5928,
                                    "self": 1.2266144995883224
                                }
                            }
                        }
                    }
                },
                "TrainerController._save_models": {
                    "total": 0.295212500001071,
                    "count": 1,
                    "self": 0.018720600004598964,
                    "children": {
                        "RLTrainer._checkpoint": {
                            "total": 0.27649189999647206,
                            "count": 1,