{
    "name": "root",
    "gauges": {
        "MoveScript.Policy.Entropy.mean": {
            "value": 1.4235910177230835,
            "min": 1.4178420305252075,
            "max": 1.4235910177230835,
            "count": 9
        },
        "MoveScript.Policy.Entropy.sum": {
            "value": 7117.955078125,
            "min": 7089.2099609375,
            "max": 7117.955078125,
            "count": 9
        },
        "MoveScript.Step.mean": {
            "value": 44960.0,
            "min": 4960.0,
            "max": 44960.0,
            "count": 9
        },
        "MoveScript.Step.sum": {
            "value": 44960.0,
            "min": 4960.0,
            "max": 44960.0,
            "count": 9
        },
        "MoveScript.Policy.ExtrinsicValueEstimate.mean": {
            "value": -0.04725725203752518,
            "min": -0.04725725203752518,
            "max": 6.533725536428392e-05,
            "count": 9
        },
        "MoveScript.Policy.ExtrinsicValueEstimate.sum": {
            "value": -3.7805800437927246,
            "min": -3.7805800437927246,
            "max": 0.005161643028259277,
            "count": 9
        },
        "MoveScript.Environment.EpisodeLength.mean": {
            "value": 999.0,
            "min": 999.0,
            "max": 999.0,
            "count": 9
        },
        "MoveScript.Environment.EpisodeLength.sum": {
            "value": 4995.0,
            "min": 4995.0,
            "max": 4995.0,
            "count": 9
        },
        "MoveScript.Environment.CumulativeReward.mean": {
            "value": -1.0000000447034836,
            "min": -1.0000000447034836,
            "max": -1.0000000447034836,
            "count": 9
        },
        "MoveScript.Environment.CumulativeReward.sum": {
            "value": -5.000000223517418,
            "min": -5.000000223517418,
            "max": -4.000000178813934,
            "count": 9
        },
        "MoveScript.Policy.ExtrinsicReward.mean": {
            "value": -1.0000000447034836,
            "min": -1.0000000447034836,
            "max": -1.0000000447034836,
            "count": 9
        },
        "MoveScript.Policy.ExtrinsicReward.sum": {
            "value": -5.000000223517418,
            "min": -5.000000223517418,
            "max": -4.000000178813934,
            "count": 9
        },
        "MoveScript.IsTraining.mean": {
            "value": 1.0,
            "min": 1.0,
            "max": 1.0,
            "count": 9
        },
        "MoveScript.IsTraining.sum": {
            "value": 1.0,
            "min": 1.0,
            "max": 1.0,
            "count": 9
        },
        "MoveScript.Losses.PolicyLoss.mean": {
            "value": 0.0224455536964039,
            "min": 0.0224455536964039,
            "max": 0.02463613523480793,
            "count": 4
        },
        "MoveScript.Losses.PolicyLoss.sum": {
            "value": 0.0224455536964039,
            "min": 0.0224455536964039,
            "max": 0.02463613523480793,
            "count": 4
        },
        "MoveScript.Losses.ValueLoss.mean": {
            "value": 7.494542114727665e-05,
            "min": 7.494542114727665e-05,
            "max": 0.0024632909839662413,
            "count": 4
        },
        "MoveScript.Losses.ValueLoss.sum": {
            "value": 7.494542114727665e-05,
            "min": 7.494542114727665e-05,
            "max": 0.0024632909839662413,
            "count": 4
        },
        "MoveScript.Policy.LearningRate.mean": {
            "value": 0.0002876808041063999,
            "min": 0.0002876808041063999,
            "max": 0.00029692320102559996,
            "count": 4
        },
        "MoveScript.Policy.LearningRate.sum": {
            "value": 0.0002876808041063999,
            "min": 0.0002876808041063999,
            "max": 0.00029692320102559996,
            "count": 4
        },
        "MoveScript.Policy.Epsilon.mean": {
            "value": 0.19589359999999995,
            "min": 0.19589359999999995,
            "max": 0.1989744,
            "count": 4
        },
        "MoveScript.Policy.Epsilon.sum": {
            "value": 0.19589359999999995,
            "min": 0.19589359999999995,
            "max": 0.1989744,
            "count": 4
        },
        "MoveScript.Policy.Beta.mean": {
            "value": 0.00479509064,
            "min": 0.00479509064,
            "max": 0.004948822560000001,
            "count": 4
        },
        "MoveScript.Policy.Beta.sum": {
            "value": 0.00479509064,
            "min": 0.00479509064,
            "max": 0.004948822560000001,
            "count": 4
        }
    },
    "metadata": {
        "timer_format_version": "0.1.0",
        "start_time_seconds": "1768125785",
        "python_version": "3.10.12 | packaged by Anaconda, Inc. | (main, Jul  5 2023, 19:01:18) [MSC v.1916 64 bit (AMD64)]",
        "command_line_arguments": "C:\\Users\\sarve\\anaconda3\\envs\\unity_agents\\Scripts\\mlagents-learn config/MoveScript.yaml --run-id=DungeonRun_5",
        "mlagents_version": "1.1.0",
        "mlagents_envs_version": "1.1.0",
        "communication_protocol_version": "1.5.0",
        "pytorch_version": "2.2.2+cu121",
        "numpy_version": "1.23.5",
        "end_time_seconds": "1768126276"
    },
    "total": 491.3690305,
    "count": 1,
    "self": 0.0065028000000779684,
    "children": {
        "run_training.setup": {
            "total": 0.08897959999995919,
            "count": 1,
            "self": 0.08897959999995919
        },
        "TrainerController.start_learning": {
            "total": 491.27354809999997,
            "count": 1,
            "self": 0.7333198000072798,
            "children": {
                "TrainerController._reset_env": {
                    "total": 26.64503239999999,
                    "count": 1,
                    "self": 26.64503239999999
                },
                "TrainerController.advance": {
                    "total": 463.70346769999264,
                    "count": 45454,
                    "self": 0.6423491999861426,
                    "children": {
                        "env_step": {
                            "total": 451.36947060000455,
                            "count": 45454,
                            "self": 270.78470739999625,
                            "children": {
                                "SubprocessEnvManager._take_step": {
                                    "total": 180.1068795000018,
                                    "count": 45454,
                                    "self": 2.6033563999851594,
                                    "children": {
                                        "TorchPolicy.evaluate": {
                                            "total": 177.50352310001665,
                                            "count": 45454,
                                            "self": 177.50352310001665
                                        }
                                    }
                                },
                                "workers": {
                                    "total": 0.47788370000648683,
                                    "count": 45453,
                                    "self": 0.0,
                                    "children": {
                                        "worker_root": {
                                            "total": 404.393226699989,
                                            "count": 45453,
                                            "is_parallel": true,
                                            "self": 231.4366838999872,
                                            "children": {
                                                "steps_from_proto": {
                                                    "total": 0.0035951999999497275,
                                                    "count": 1,
                                                    "is_parallel": true,