{
    "name": "root",
    "metadata": {
        "timer_format_version": "0.1.0",
        "start_time_seconds": "1767721996",
        "python_version": "3.10.12 | packaged by Anaconda, Inc. | (main, Jul  5 2023, 19:01:18) [MSC v.1916 64 bit (AMD64)]",
        "command_line_arguments": "C:\\Users\\sarve\\anaconda3\\envs\\unity_agents\\Scripts\\mlagents-learn --run-id=Test6",
        "mlagents_version": "1.1.0",
        "mlagents_envs_version": "1.1.0",
        "communication_protocol_version": "1.5.0",
        "pytorch_version": "2.2.2+cu121",
        "numpy_version": "1.23.5",
        "end_time_seconds": "1767722089"
    },
    "total": 92.14880249999987,
    "count": 1,
    "self": 10.006322300003376,
    "children": {
        "run_training.setup": {
            "total": 0.03538479999406263,
            "count": 1,
            "self": 0.03538479999406263
        },
        "TrainerController.start_learning": {
            "total": 82.10709540000244,
            "count": 1,
            "self": 0.06426630019996082,
            "children": {
                "TrainerController._reset_env": {
                    "total": 16.572794499996235,
                    "count": 1,
                    "self": 16.572794499996235
                },
                "TrainerController.advance": {
                    "total": 65.21860499979812,
                    "count": 3499,
                    "self": 0.05286229982448276,
                    "children": {
                        "env_step": {
                            "total": 64.41884769970056,
                            "count": 3499,
                            "self": 49.320622099388856,
                            "children": {
                                "SubprocessEnvManager._take_step": {
                                    "total": 15.059096900215081,
                                    "count": 3500,
                                    "self": 0.23088530039967736,
                                    "children": {
                                        "TorchPolicy.evaluate": {
                                            "total": 14.828211599815404,
                                            "count": 3388,
                                            "self": 14.828211599815404
                                        }
                                    }
                                },
                                "workers": {
                                    "total": 0.039128700096625835,
                                    "count": 3498,
                                    "self": 0.0,
                                    "children": {
                                        "worker_root": {
                                            "total": 34.336549599793216,
                                            "count": 3498,
                                            "is_parallel": true,
                                            "self": 20.739883199603355,
                                            "children": {
                                                "steps_from_proto": {
                                                    "total": 0.00052299999515526,
                                                    "count": 2,
                                                    "is_parallel": true,
                                                    "self": 0.00021279999782564119,
                                                    "children": {
                                                        "_process_rank_one_or_two_observation": {
                                                            "total": 0.0003101999973296188,
                                                            "count": 4,
                                                            "is_parallel": true,
                                                            "self": 0.0003101999973296188
                                                        }
                                                    }
                                                },
                                                "UnityEnvironment.step": {
                                                    "total": 13.596143400194705,
                                                    "count": 3498,
                                                    "is_parallel": true,
                                                    "self": 0.23286320026090834,
                                                    "children": {
                                                        "UnityEnvironment._generate_step_input": {
                                                            "total": 0.2605114000252797,
                                                            "count": 3498,
                                                            "is_parallel": true,
                                                            "self": 0.2605114000252797
                                                        },
                                                        "communicator.exchange": {
                                                            "total": 12.603315099862812,
                                                            "count": 3498,
                                                            "is_parallel": true,
                                                            "self": 12.603315099862812
                                                        },
                                                        "steps_from_proto": {
                                                            "total": 0.4994537000457058,
                                                            "count": 3498,
                                                            "is_parallel": true,
                                                            "self": 0.20613190058793407,
                                                            "children": {
                                                                "_process_rank_one_or_two_observation": {
                                                                    "total": 0.2933217994577717,
                                                                    "count": 6996,
                                                                    "is_parallel": true,
                                                                    "self": 0.2933217994577717
                                                                }
                                                            }
                                                        }
                                                    }
                                                }
                                            }
                                        }
                                    }
                                }
                            }
                        },
                        "trainer_advance": {
                            "total": 0.7468950002730708,
                            "count": 3498,
                            "self": 0.08478780028235633,
                            "children": {
                                "process_trajectory": {
                                    "total": 0.6621071999907144,
                                    "count": 3498,
                                    "self": 0.6621071999907144
                                }
                            }
                        }
                    }
                },
                "trainer_threads": {
                    "total": 1.2000018614344299e-06,
                    "count": 1,
                    "self": 1.2000018614344299e-06
                },
                "TrainerController._save_models": {
                    "total": 0.25142840000626165,
                    "count": 1,
                    "self": 0.0381548000004841,