{
    "name": "root",
    "metadata": {
        "timer_format_version": "0.1.0",
        "start_time_seconds": "1767721398",
        "python_version": "3.10.12 | packaged by Anaconda, Inc. | (main, Jul  5 2023, 19:01:18) [MSC v.1916 64 bit (AMD64)]",
        "command_line_arguments": "C:\\Users\\sarve\\anaconda3\\envs\\unity_agents\\Scripts\\mlagents-learn --run-id=Test4",
        "mlagents_version": "1.1.0",
        "mlagents_envs_version": "1.1.0",
        "communication_protocol_version": "1.5.0",
        "pytorch_version": "2.2.2+cu121",
        "numpy_version": "1.23.5",
        "end_time_seconds": "1767721517"
    },
    "total": 118.97952879999502,
    "count": 1,
    "self": 0.00693130000581732,
    "children": {
        "run_training.setup": {
            "total": 0.03320069999608677,
            "count": 1,
            "self": 0.03320069999608677
        },
        "TrainerController.start_learning": {
            "total": 118.93939679999312,
            "count": 1,
            "self": 0.012718700018012896,
            "children": {
                "TrainerController._reset_env": {
                    "total": 49.51369749999867,
                    "count": 1,
                    "self": 49.51369749999867
                },
                "TrainerController.advance": {
                    "total": 69.09580289998121,
                    "count": 651,
                    "self": 0.010695699776988477,
                    "children": {
                        "env_step": {
                            "total": 68.97198240011494,
                            "count": 651,
                            "self": 66.72988330000226,
                            "children": {
                                "SubprocessEnvManager._take_step": {
                                    "total": 2.234337200046866,
                                    "count": 651,
                                    "self": 0.05085650007094955,
                                    "children": {
                                        "TorchPolicy.evaluate": {
                                            "total": 2.1834806999759167,
                                            "count": 651,
                                            "self": 2.1834806999759167
                                        }
                                    }
                                },
                                "workers": {
                                    "total": 0.0077619000658160076,
                                    "count": 650,
                                    "self": 0.0,
                                    "children": {
                                        "worker_root": {
                                            "total": 8.43848950004758,
                                            "count": 650,
                                            "is_parallel": true,
                                            "self": 4.987800700138905,
                                            "children": {
                                                "steps_from_proto": {
                                                    "total": 0.0033457999961683527,
                                                    "count": 1,
                                                    "is_parallel": true,
                                                    "self": 0.0001666999960434623,
                                                    "children": {
                                                        "_process_rank_one_or_two_observation": {
                                                            "total": 0.0031791000001248904,
                                                            "count": 2,
                                                            "is_parallel": true,
                                                            "self": 0.0031791000001248904
                                                        }
                                                    }
                                                },
                                                "UnityEnvironment.step": {
                                                    "total": 3.4473429999125074,
                                                    "count": 650,
                                                    "is_parallel": true,
                                                    "self": 0.046129799775371794,
                                                    "children": {
                                                        "UnityEnvironment._generate_step_input": {
                                                            "total": 0.05266319993097568,
                                                            "count": 650,
                                                            "is_parallel": true,
                                                            "self": 0.05266319993097568
                                                        },
                                                        "communicator.exchange": {
                                                            "total": 3.250015400182747,
                                                            "count": 650,
                                                            "is_parallel": true,
                                                            "self": 3.250015400182747
                                                        },
                                                        "steps_from_proto": {
                                                            "total": 0.09853460002341308,
                                                            "count": 650,
                                                            "is_parallel": true,
                                                            "self": 0.039736899991112296,
                                                            "children": {
                                                                "_process_rank_one_or_two_observation": {
                                                                    "total": 0.05879770003230078,
                                                                    "count": 1300,
                                                                    "is_parallel": true,
                                                                    "self": 0.05879770003230078
                                                                }
                                                            }
                                                        }
                                                    }
                                                }
                                            }
                                        }
                                    }
                                }
                            }
                        },
                        "trainer_advance": {
                            "total": 0.11312480008928105,
                            "count": 650,
                            "self": 0.01561930007301271,
                            "children": {
                                "process_trajectory": {
                                    "total": 0.09750550001626834,
                                    "count": 650,
                                    "self": 0.09750550001626834
                                }
                            }
                        }
                    }
                },
                "TrainerController._save_models": {
                    "total": 0.31717769999522716,
                    "count": 1,
                    "self": 0.04151889999047853,
                    "children": {
                        "RLTrainer._checkpoint": {
                            "total": 0.2756588000047486,
                            "count": 1,